Adjusted for Inflation Notes,Adjusted for Inflation Title,Format,Metric,Year,Year of Year Date,Change vs. Prior Year Designation,Change vs. Prior Year,Format Value # (Billion),Format Value # (Million),Max Date,Min Date,Total Value # (Billion),Total Value # (Million),Year change text,Adjusted for Inflation Flag,Total Value For Year,Year Date,% Difference in Value (Actual),% of Total Value (Actual),Value (Actual),Value (For Charting),Year (copy)
,,Synchronization,Value,2019,2019,,,,$276.3M,2019,2019,$11.1B,,,,$11111.6B,2019,,2.486255988%,276.262360199,276.262360199,2019
,,Synchronization,Value,2018,2018,,,,$285.5M,2018,2018,$9.8B,,,,$9846.1B,2018,,2.899750400%,285.513491340,285.513491340,2018
,,Synchronization,Value,2017,2017,,,,$232.1M,2017,2017,$8.8B,,,,$8796.6B,2017,,2.638377050%,232.086522899,232.086522899,2017
,,Synchronization,Value,2016,2016,,,,$214.8M,2016,2016,$7.6B,,,,$7578.7B,2016,,2.834789871%,214.83897654,214.83897654,2016
,,Synchronization,Value,2015,2015,,,,$202.9M,2015,2015,$6.7B,,,,$6710.8B,2015,,3.023995918%,202.934888,202.934888,2015
,,Synchronization,Value,2014,2014,,,,$189.7M,2014,2014,$6.7B,,,,$6694.7B,2014,,2.833780684%,189.713099,189.713099,2014
,,Synchronization,Value,2013,2013,,,,$189.7M,2013,2013,$7.0B,,,,$7035.1B,2013,,2.696185024%,189.679434,189.679434,2013
,,Synchronization,Value,2012,2012,,,,$190.6M,2012,2012,$7.0B,,,,$7015.7B,2012,,2.716715154%,190.597753,190.597753,2012
,,Synchronization,Value,2011,2011,,,,$196.5M,2011,2011,$7.1B,,,,$7135.6B,2011,,2.753797859%,196.5,196.5,2011
,,Synchronization,Value,2010,2010,,,,$188.7M,2010,2010,$7.0B,,,,$7013.8B,2010,,2.690410334%,188.7,188.7,2010
,,Synchronization,Value,2009,2009,,,,$201.2M,2009,2009,$7.8B,,,,$7831.0B,2009,,2.569275955%,201.2,201.2,2009
,,Limited Tier Paid Subscription,Value,2019,2019,,,,$829.5M,2019,2019,$11.1B,,,,$11111.6B,2019,,7.465172623%,829.498739675,829.498739675,2019
,,Limited Tier Paid Subscription,Value,2018,2018,,,,$747.1M,2018,2018,$9.8B,,,,$9846.1B,2018,,7.587286865%,747.054906158,747.054906158,2018
,,Limited Tier Paid Subscription,Value,2017,2017,,,,$591.6M,2017,2017,$8.8B,,,,$8796.6B,2017,,6.725365776%,591.601097499,591.601097499,2017
,,Limited Tier Paid Subscription,Value,2016,2016,,,,$263.4M,2016,2016,$7.6B,,,,$7578.7B,2016,,3.475071047%,263.363685193,263.363685193,2016
,,SoundExchange Distributions,Value,2019,2019,,,,$908.2M,2019,2019,$11.1B,,,,$11111.6B,2019,,8.173453982%,908.2,908.2,2019
,,SoundExchange Distributions,Value,2018,2018,,,,$952.8M,2018,2018,$9.8B,,,,$9846.1B,2018,,9.676888359%,952.8,952.8,2018
,,SoundExchange Distributions,Value,2017,2017,,,,$652.0M,2017,2017,$8.8B,,,,$8796.6B,2017,,7.411985043%,652,652,2017
,,SoundExchange Distributions,Value,2016,2016,,,,$883.9M,2016,2016,$7.6B,,,,$7578.7B,2016,,11.663017610%,883.9,883.9,2016
,,SoundExchange Distributions,Value,2015,2015,,,,$802.6M,2015,2015,$6.7B,,,,$6710.8B,2015,,11.959792362%,802.6,802.6,2015
,,SoundExchange Distributions,Value,2014,2014,,,,$773.4M,2014,2014,$6.7B,,,,$6694.7B,2014,,11.552423065%,773.4,773.4,2014
,,SoundExchange Distributions,Value,2013,2013,,,,$590.4M,2013,2013,$7.0B,,,,$7035.1B,2013,,8.392199433%,590.4,590.4,2013
,,SoundExchange Distributions,Value,2012,2012,,,,$462.0M,2012,2012,$7.0B,,,,$7015.7B,2012,,6.585189917%,462,462,2012
,,SoundExchange Distributions,Value,2011,2011,,,,$292.0M,2011,2011,$7.1B,,,,$7135.6B,2011,,4.092157632%,292,292,2011
,,SoundExchange Distributions,Value,2010,2010,,,,$249.2M,2010,2010,$7.0B,,,,$7013.8B,2010,,3.552995523%,249.2,249.2,2010
,,SoundExchange Distributions,Value,2009,2009,,,,$155.5M,2009,2009,$7.8B,,,,$7831.0B,2009,,1.985697867%,155.5,155.5,2009
,,SoundExchange Distributions,Value,2008,2008,,,,$100.0M,2008,2008,$8.8B,,,,$8776.8B,2008,,1.139367423%,100,100,2008
,,SoundExchange Distributions,Value,2007,2007,,,,$36.2M,2007,2007,$10.7B,,,,$10650.9B,2007,,0.339877381%,36.2,36.2,2007
,,SoundExchange Distributions,Value,2006,2006,,,,$32.8M,2006,2006,$11.8B,,,,$11759.5B,2006,,0.278923424%,32.8,32.8,2006
,,SoundExchange Distributions,Value,2005,2005,,,,$20.4M,2005,2005,$12.3B,,,,$12289.9B,2005,,0.165989959%,20.4,20.4,2005
,,SoundExchange Distributions,Value,2004,2004,,,,$6.9M,2004,2004,$12.3B,,,,$12345.1B,2004,,0.055892621%,6.9,6.9,2004
,,Other Ad-Supported Streaming,Value,2019,2019,,,,$251.1M,2019,2019,$11.1B,,,,$11111.6B,2019,,2.259486737%,251.064710118,251.064710118,2019
,,Other Ad-Supported Streaming,Value,2018,2018,,,,$251.4M,2018,2018,$9.8B,,,,$9846.1B,2018,,2.553405825%,251.411918813,251.411918813,2018
,,Other Ad-Supported Streaming,Value,2017,2017,,,,$261.8M,2017,2017,$8.8B,,,,$8796.6B,2017,,2.976012704%,261.786858952,261.786858952,2017
,,Other Ad-Supported Streaming,Value,2016,2016,,,,$81.3M,2016,2016,$7.6B,,,,$7578.7B,2016,,1.072233179%,81.260865617,81.260865617,2016
,,On-Demand Streaming (Ad-Supported),Value,2019,2019,,,,$908.1M,2019,2019,$11.1B,,,,$11111.6B,2019,,8.172997976%,908.149330523,908.149330523,2019
,,On-Demand Streaming (Ad-Supported),Value,2018,2018,,,,$759.5M,2018,2018,$9.8B,,,,$9846.1B,2018,,7.714011263%,759.532368153,759.532368153,2018
,,On-Demand Streaming (Ad-Supported),Value,2017,2017,,,,$658.6M,2017,2017,$8.8B,,,,$8796.6B,2017,,7.487088148%,658.606492600,658.606492600,2017
,,On-Demand Streaming (Ad-Supported),Value,2016,2016,,,,$489.4M,2016,2016,$7.6B,,,,$7578.7B,2016,,6.457313786%,489.377607589,489.377607589,2016
,,On-Demand Streaming (Ad-Supported),Value,2015,2015,,,,$372.0M,2015,2015,$6.7B,,,,$6710.8B,2015,,5.543144657%,371.990396399,371.990396399,2015
,,On-Demand Streaming (Ad-Supported),Value,2014,2014,,,,$283.8M,2014,2014,$6.7B,,,,$6694.7B,2014,,4.239076194%,283.793409371,283.793409371,2014
,,On-Demand Streaming (Ad-Supported),Value,2013,2013,,,,$220.9M,2013,2013,$7.0B,,,,$7035.1B,2013,,3.139591522%,220.873544491,220.873544491,2013
,,On-Demand Streaming (Ad-Supported),Value,2012,2012,,,,$170.9M,2012,2012,$7.0B,,,,$7015.7B,2012,,2.436454823%,170.935408437,170.935408437,2012
,,On-Demand Streaming (Ad-Supported),Value,2011,2011,,,,$113.8M,2011,2011,$7.1B,,,,$7135.6B,2011,,1.594820337%,113.8,113.8,2011
,,Paid Subscription,Value,2019,2019,,,$5.9B,,2019,2019,$11.1B,,,,$11111.6B,2019,,53.407317660%,5934.397625188,5934.397625188,2019
,,Paid Subscription,Value,2018,2018,,,$4.7B,,2018,2018,$9.8B,,,,$9846.1B,2018,,47.287245582%,4655.968522014,4655.968522014,2018
,,Paid Subscription,Value,2017,2017,,,$3.5B,,2017,2017,$8.8B,,,,$8796.6B,2017,,39.794513581%,3500.549812779,3500.549812779,2017
,,Paid Subscription,Value,2016,2016,,,$2.2B,,2016,2016,$7.6B,,,,$7578.7B,2016,,29.611506490%,2244.154254171,2244.154254171,2016
,,Paid Subscription,Value,2015,2015,,,$1.2B,,2015,2015,$6.7B,,,,$6710.8B,2015,,17.236473518%,1156.708513551,1156.708513551,2015
,,Paid Subscription,Value,2014,2014,,,,$770.3M,2014,2014,$6.7B,,,,$6694.7B,2014,,11.505678011%,770.270559124,770.270559124,2014
,,Paid Subscription,Value,2013,2013,,,,$643.3M,2013,2013,$7.0B,,,,$7035.1B,2013,,9.144488027%,643.324288756,643.324288756,2013
,,Paid Subscription,Value,2012,2012,,,,$399.9M,2012,2012,$7.0B,,,,$7015.7B,2012,,5.699788770%,399.882531090,399.882531090,2012
,,Paid Subscription,Value,2011,2011,,,,$247.8M,2011,2011,$7.1B,,,,$7135.6B,2011,,3.472728292%,247.8,247.8,2011
,,Paid Subscription,Value,2010,2010,,,,$212.4M,2010,2010,$7.0B,,,,$7013.8B,2010,,3.028315606%,212.4,212.4,2010
,,Paid Subscription,Value,2009,2009,,,,$206.2M,2009,2009,$7.8B,,,,$7831.0B,2009,,2.633124761%,206.2,206.2,2009
,,Paid Subscription,Value,2008,2008,,,,$221.4M,2008,2008,$8.8B,,,,$8776.8B,2008,,2.522559475%,221.4,221.4,2008
,,Paid Subscription,Value,2007,2007,,,,$234.0M,2007,2007,$10.7B,,,,$10650.9B,2007,,2.196997437%,234,234,2007
,,Paid Subscription,Value,2006,2006,,,,$206.2M,2006,2006,$11.8B,,,,$11759.5B,2006,,1.753475913%,206.2,206.2,2006
,,Paid Subscription,Value,2005,2005,,,,$149.2M,2005,2005,$12.3B,,,,$12289.9B,2005,,1.214004996%,149.2,149.2,2005
,,Kiosk,Value,2019,2019,,,,$1.6M,2019,2019,$11.1B,,,,$11111.6B,2019,,0.014277631%,1.586470587,1.586470587,2019
,,Kiosk,Value,2018,2018,,,,$2.0M,2018,2018,$9.8B,,,,$9846.1B,2018,,0.019957524%,1.965045799,1.965045799,2018
,,Kiosk,Value,2017,2017,,,,$2.3M,2017,2017,$8.8B,,,,$8796.6B,2017,,0.025632090%,2.254743150,2.254743150,2017
,,Kiosk,Value,2016,2016,,,,$2.9M,2016,2016,$7.6B,,,,$7578.7B,2016,,0.038844839%,2.943916801,2.943916801,2016
,,Kiosk,Value,2015,2015,,,,$3.7M,2015,2015,$6.7B,,,,$6710.8B,2015,,0.055141632%,3.700455,3.700455,2015
,,Kiosk,Value,2014,2014,,,,$2.6M,2014,2014,$6.7B,,,,$6694.7B,2014,,0.038577326%,2.582636,2.582636,2014
,,Kiosk,Value,2013,2013,,,,$6.2M,2013,2013,$7.0B,,,,$7035.1B,2013,,0.087896406%,6.183604,6.183604,2013
,,Kiosk,Value,2012,2012,,,,$3.7M,2012,2012,$7.0B,,,,$7015.7B,2012,,0.052083792%,3.654065,3.654065,2012
,,Kiosk,Value,2011,2011,,,,$2.7M,2011,2011,$7.1B,,,,$7135.6B,2011,,0.037838444%,2.7,2.7,2011
,,Kiosk,Value,2010,2010,,,,$6.4M,2010,2010,$7.0B,,,,$7013.8B,2010,,0.091248681%,6.4,6.4,2010
,,Kiosk,Value,2009,2009,,,,$6.3M,2009,2009,$7.8B,,,,$7831.0B,2009,,0.080449496%,6.3,6.3,2009
,,Kiosk,Value,2008,2008,,,,$2.6M,2008,2008,$8.8B,,,,$8776.8B,2008,,0.029623553%,2.6,2.6,2008
,,Kiosk,Value,2007,2007,,,,$2.6M,2007,2007,$10.7B,,,,$10650.9B,2007,,0.024411083%,2.6,2.6,2007
,,Kiosk,Value,2006,2006,,,,$1.9M,2006,2006,$11.8B,,,,$11759.5B,2006,,0.016157150%,1.9,1.9,2006
,,Kiosk,Value,2005,2005,,,,$1.0M,2005,2005,$12.3B,,,,$12289.9B,2005,,0.008136763%,1,1,2005
,,Other Digital,Value,2019,2019,,,,$21.5M,2019,2019,$11.1B,,,,$11111.6B,2019,,0.193646377%,21.517175006,21.517175006,2019
,,Other Digital,Value,2018,2018,,,,$19.8M,2018,2018,$9.8B,,,,$9846.1B,2018,,0.201495960%,19.839574865,19.839574865,2018
,,Other Digital,Value,2017,2017,,,,$16.9M,2017,2017,$8.8B,,,,$8796.6B,2017,,0.191951199%,16.885109868,16.885109868,2017
,,Other Digital,Value,2016,2016,,,,$17.1M,2016,2016,$7.6B,,,,$7578.7B,2016,,0.226183410%,17.141662871,17.141662871,2016
,,Download Music Video,Value,2019,2019,,,,$1.9M,2019,2019,$11.1B,,,,$11111.6B,2019,,0.016729485%,1.858910402,1.858910402,2019
,,Download Music Video,Value,2018,2018,,,,$2.2M,2018,2018,$9.8B,,,,$9846.1B,2018,,0.022555139%,2.220810600,2.220810600,2018
,,Download Music Video,Value,2017,2017,,,,$2.8M,2017,2017,$8.8B,,,,$8796.6B,2017,,0.031668962%,2.785780489,2.785780489,2017
,,Download Music Video,Value,2016,2016,,,,$4.3M,2016,2016,$7.6B,,,,$7578.7B,2016,,0.056334527%,4.269400120,4.269400120,2016
,,Download Music Video,Value,2015,2015,,,,$6.4M,2015,2015,$6.7B,,,,$6710.8B,2015,,0.095583254%,6.414419,6.414419,2015
,,Download Music Video,Value,2014,2014,,,,$13.6M,2014,2014,$6.7B,,,,$6694.7B,2014,,0.202803101%,13.577058,13.577058,2014
,,Download Music Video,Value,2013,2013,,,,$16.7M,2013,2013,$7.0B,,,,$7035.1B,2013,,0.237960971%,16.740803,16.740803,2013
,,Download Music Video,Value,2012,2012,,,,$20.8M,2012,2012,$7.0B,,,,$7015.7B,2012,,0.297078186%,20.842242,20.842242,2012
,,Download Music Video,Value,2011,2011,,,,$32.4M,2011,2011,$7.1B,,,,$7135.6B,2011,,0.454061326%,32.4,32.4,2011
,,Download Music Video,Value,2010,2010,,,,$36.6M,2010,2010,$7.0B,,,,$7013.8B,2010,,0.521828395%,36.6,36.6,2010
,,Download Music Video,Value,2009,2009,,,,$40.9M,2009,2009,$7.8B,,,,$7831.0B,2009,,0.522283233%,40.9,40.9,2009
,,Download Music Video,Value,2008,2008,,,,$41.3M,2008,2008,$8.8B,,,,$8776.8B,2008,,0.470558746%,41.3,41.3,2008
,,Download Music Video,Value,2007,2007,,,,$28.2M,2007,2007,$10.7B,,,,$10650.9B,2007,,0.264766358%,28.2,28.2,2007
,,Download Music Video,Value,2006,2006,,,,$19.7M,2006,2006,$11.8B,,,,$11759.5B,2006,,0.167524129%,19.7,19.7,2006
,,Download Music Video,Value,2005,2005,,,,$3.7M,2005,2005,$12.3B,,,,$12289.9B,2005,,0.030106022%,3.7,3.7,2005
,,Ringtones & Ringbacks,Value,2019,2019,,,,$21.4M,2019,2019,$11.1B,,,,$11111.6B,2019,,0.192832469%,21.426736902,21.426736902,2019
,,Ringtones & Ringbacks,Value,2018,2018,,,,$25.0M,2018,2018,$9.8B,,,,$9846.1B,2018,,0.253478614%,24.957859799,24.957859799,2018
,,Ringtones & Ringbacks,Value,2017,2017,,,,$35.5M,2017,2017,$8.8B,,,,$8796.6B,2017,,0.403722818%,35.513735653,35.513735653,2017
,,Ringtones & Ringbacks,Value,2016,2016,,,,$56.3M,2016,2016,$7.6B,,,,$7578.7B,2016,,0.743209589%,56.325299125,56.325299125,2016
,,Ringtones & Ringbacks,Value,2015,2015,,,,$54.6M,2015,2015,$6.7B,,,,$6710.8B,2015,,0.813343728%,54.582024222,54.582024222,2015
,,Ringtones & Ringbacks,Value,2014,2014,,,,$66.3M,2014,2014,$6.7B,,,,$6694.7B,2014,,0.990505570%,66.311370667,66.311370667,2014
,,Ringtones & Ringbacks,Value,2013,2013,,,,$98.0M,2013,2013,$7.0B,,,,$7035.1B,2013,,1.393008623%,97.999612333,97.999612333,2013
,,Ringtones & Ringbacks,Value,2012,2012,,,,$146.0M,2012,2012,$7.0B,,,,$7015.7B,2012,,2.080933343%,145.992935111,145.992935111,2012
,,Ringtones & Ringbacks,Value,2011,2011,,,,$276.2M,2011,2011,$7.1B,,,,$7135.6B,2011,,3.870732664%,276.2,276.2,2011
,,Ringtones & Ringbacks,Value,2010,2010,,,,$448.0M,2010,2010,$7.0B,,,,$7013.8B,2010,,6.387407682%,448,448,2010
,,Ringtones & Ringbacks,Value,2009,2009,,,,$702.8M,2009,2009,$7.8B,,,,$7831.0B,2009,,8.974588175%,702.8,702.8,2009
,,Ringtones & Ringbacks,Value,2008,2008,,,,$977.1M,2008,2008,$8.8B,,,,$8776.8B,2008,,11.132759092%,977.1,977.1,2008
,,Ringtones & Ringbacks,Value,2007,2007,,,$1.1B,,2007,2007,$10.7B,,,,$10650.9B,2007,,9.912777324%,1055.8,1055.8,2007
,,Ringtones & Ringbacks,Value,2006,2006,,,,$773.8M,2006,2006,$11.8B,,,,$11759.5B,2006,,6.580211744%,773.8,773.8,2006
,,Ringtones & Ringbacks,Value,2005,2005,,,,$421.6M,2005,2005,$12.3B,,,,$12289.9B,2005,,3.430459158%,421.6,421.6,2005
,,Download Single,Value,2019,2019,,,,$414.8M,2019,2019,$11.1B,,,,$11111.6B,2019,,3.733080221%,414.804250982,414.804250982,2019
,,Download Single,Value,2018,2018,,,,$490.4M,2018,2018,$9.8B,,,,$9846.1B,2018,,4.980941527%,490.430488658,490.430488658,2018
,,Download Single,Value,2017,2017,,,,$678.5M,2017,2017,$8.8B,,,,$8796.6B,2017,,7.713521969%,678.524888322,678.524888322,2017
,,Download Single,Value,2016,2016,,,,$900.2M,2016,2016,$7.6B,,,,$7578.7B,2016,,11.877850963%,900.181481066,900.181481066,2016
,,Download Single,Value,2015,2015,,,$1.2B,,2015,2015,$6.7B,,,,$6710.8B,2015,,17.661594233%,1185.237594639,1185.237594639,2015
,,Download Single,Value,2014,2014,,,$1.4B,,2014,2014,$6.7B,,,,$6694.7B,2014,,20.244840973%,1355.331251323,1355.331251323,2014
,,Download Single,Value,2013,2013,,,$1.6B,,2013,2013,$7.0B,,,,$7035.1B,2013,,22.365275943%,1573.420534445,1573.420534445,2013
,,Download Single,Value,2012,2012,,,$1.6B,,2012,2012,$7.0B,,,,$7015.7B,2012,,23.441147254%,1644.570645308,1644.570645308,2012
,,Download Single,Value,2011,2011,,,$1.5B,,2011,2011,$7.1B,,,,$7135.6B,2011,,21.335276641%,1522.4,1522.4,2011
,,Download Single,Value,2010,2010,,,$1.3B,,2010,2010,$7.0B,,,,$7013.8B,2010,,19.053865237%,1336.4,1336.4,2010
,,Download Single,Value,2009,2009,,,$1.2B,,2009,2009,$7.8B,,,,$7831.0B,2009,,14.966160133%,1172,1172,2009
,,Download Single,Value,2008,2008,,,$1.0B,,2008,2008,$8.8B,,,,$8776.8B,2008,,11.760550542%,1032.2,1032.2,2008
,,Download Single,Value,2007,2007,,,,$811.0M,2007,2007,$10.7B,,,,$10650.9B,2007,,7.614380005%,811,811,2007
,,Download Single,Value,2006,2006,,,,$580.6M,2006,2006,$11.8B,,,,$11759.5B,2006,,4.937284749%,580.6,580.6,2006
,,Download Single,Value,2005,2005,,,,$363.3M,2005,2005,$12.3B,,,,$12289.9B,2005,,2.956085892%,363.3,363.3,2005
,,Download Single,Value,2004,2004,,,,$138.0M,2004,2004,$12.3B,,,,$12345.1B,2004,,1.117852427%,138,138,2004
,,Download Album,Value,2019,2019,,,,$394.5M,2019,2019,$11.1B,,,,$11111.6B,2019,,3.550646741%,394.533006158,394.533006158,2019
,,Download Album,Value,2018,2018,,,,$499.7M,2018,2018,$9.8B,,,,$9846.1B,2018,,5.074585772%,499.650832420,499.650832420,2018
,,Download Album,Value,2017,2017,,,,$668.5M,2017,2017,$8.8B,,,,$8796.6B,2017,,7.599566309%,668.500705901,668.500705901,2017
,,Download Album,Value,2016,2016,,,,$868.6M,2016,2016,$7.6B,,,,$7578.7B,2016,,11.461059224%,868.594268350,868.594268350,2016
,,Download Album,Value,2015,2015,,,$1.1B,,2015,2015,$6.7B,,,,$6710.8B,2015,,15.861456415%,1064.433606664,1064.433606664,2015
,,Download Album,Value,2014,2014,,,$1.1B,,2014,2014,$6.7B,,,,$6694.7B,2014,,16.698285294%,1117.900008828,1117.900008828,2014
,,Download Album,Value,2013,2013,,,$1.2B,,2013,2013,$7.0B,,,,$7035.1B,2013,,17.514163656%,1232.139715617,1232.139715617,2013
,,Download Album,Value,2012,2012,,,$1.2B,,2012,2012,$7.0B,,,,$7015.7B,2012,,17.173123990%,1204.822242537,1204.822242537,2012
,,Download Album,Value,2011,2011,,,$1.1B,,2011,2011,$7.1B,,,,$7135.6B,2011,,15.006446550%,1070.8,1070.8,2011
,,Download Album,Value,2010,2010,,,,$872.4M,2010,2010,$7.0B,,,,$7013.8B,2010,,12.438335852%,872.4,872.4,2010
,,Download Album,Value,2009,2009,,,,$744.3M,2009,2009,$7.8B,,,,$7831.0B,2009,,9.504533265%,744.3,744.3,2009
,,Download Album,Value,2008,2008,,,,$635.3M,2008,2008,$8.8B,,,,$8776.8B,2008,,7.238401240%,635.3,635.3,2008
,,Download Album,Value,2007,2007,,,,$497.4M,2007,2007,$10.7B,,,,$10650.9B,2007,,4.670027885%,497.4,497.4,2007
,,Download Album,Value,2006,2006,,,,$275.9M,2006,2006,$11.8B,,,,$11759.5B,2006,,2.346188188%,275.9,275.9,2006
,,Download Album,Value,2005,2005,,,,$135.7M,2005,2005,$12.3B,,,,$12289.9B,2005,,1.104158699%,135.7,135.7,2005
,,Download Album,Value,2004,2004,,,,$45.5M,2004,2004,$12.3B,,,,$12345.1B,2004,,0.368567286%,45.5,45.5,2004
,,Music Video (Physical),Value,2019,2019,,,,$27.7M,2019,2019,$11.1B,,,,$11111.6B,2019,,0.249336666%,27.705246783,27.705246783,2019
,,Music Video (Physical),Value,2018,2018,,,,$27.6M,2018,2018,$9.8B,,,,$9846.1B,2018,,0.279919436%,27.561260298,27.561260298,2018
,,Music Video (Physical),Value,2017,2017,,,,$38.6M,2017,2017,$8.8B,,,,$8796.6B,2017,,0.439028778%,38.619446998,38.619446998,2017
,,Music Video (Physical),Value,2016,2016,,,,$56.9M,2016,2016,$7.6B,,,,$7578.7B,2016,,0.751094941%,56.922902813,56.922902813,2016
,,Music Video (Physical),Value,2015,2015,,,,$70.4M,2015,2015,$6.7B,,,,$6710.8B,2015,,1.049564376%,70.434363958,70.434363958,2015
,,Music Video (Physical),Value,2014,2014,,,,$89.7M,2014,2014,$6.7B,,,,$6694.7B,2014,,1.339949328%,89.705579875,89.705579875,2014
,,Music Video (Physical),Value,2013,2013,,,,$106.3M,2013,2013,$7.0B,,,,$7035.1B,2013,,1.510754215%,106.283137789,106.283137789,2013
,,Music Video (Physical),Value,2012,2012,,,,$116.6M,2012,2012,$7.0B,,,,$7015.7B,2012,,1.662171131%,116.613654602,116.613654602,2012
,,Music Video (Physical),Value,2011,2011,,,,$151.0M,2011,2011,$7.1B,,,,$7135.6B,2011,,2.116150008%,151,151,2011
,,Music Video (Physical),Value,2010,2010,,,,$177.6M,2010,2010,$7.0B,,,,$7013.8B,2010,,2.532150903%,177.6,177.6,2010
,,Music Video (Physical),Value,2009,2009,,,,$209.6M,2009,2009,$7.8B,,,,$7831.0B,2009,,2.676541949%,209.6,209.6,2009
,,Music Video (Physical),Value,2008,2008,,,,$227.3M,2008,2008,$8.8B,,,,$8776.8B,2008,,2.589782153%,227.3,227.3,2008
,,Music Video (Physical),Value,2007,2007,,,,$484.9M,2007,2007,$10.7B,,,,$10650.9B,2007,,4.552666911%,484.9,484.9,2007
,,Music Video (Physical),Value,2006,2006,,,,$451.1M,2006,2006,$11.8B,,,,$11759.5B,2006,,3.836047451%,451.1,451.1,2006
,,Music Video (Physical),Value,2005,2005,,,,$602.2M,2005,2005,$12.3B,,,,$12289.9B,2005,,4.899958503%,602.2,602.2,2005
,,Music Video (Physical),Value,2004,2004,,,,$607.2M,2004,2004,$12.3B,,,,$12345.1B,2004,,4.918550680%,607.2,607.2,2004
,,Music Video (Physical),Value,2003,2003,,,,$399.9M,2003,2003,$11.9B,,,,$11854.4B,2003,,3.373430962%,399.9,399.9,2003
,,Music Video (Physical),Value,2002,2002,,,,$288.4M,2002,2002,$12.6B,,,,$12615.8B,2002,,2.286022290%,288.4,288.4,2002
,,Music Video (Physical),Value,2001,2001,,,,$329.2M,2001,2001,$13.7B,,,,$13746.2B,2001,,2.394843666%,329.2,329.2,2001
,,Music Video (Physical),Value,2000,2000,,,,$281.9M,2000,2000,$14.3B,,,,$14323.7B,2000,,1.968066910%,281.9,281.9,2000
,,Music Video (Physical),Value,1999,1999,,,,$376.7M,1999,1999,$14.6B,,,,$14584.7B,1999,,2.582843665%,376.7,376.7,1999
,,Music Video (Physical),Value,1998,1998,,,,$508.0M,1998,1998,$13.7B,,,,$13711.2B,1998,,3.705000292%,508,508,1998
,,Music Video (Physical),Value,1997,1997,,,,$323.9M,1997,1997,$12.2B,,,,$12236.8B,1997,,2.646933839%,323.9,323.9,1997
,,Music Video (Physical),Value,1996,1996,,,,$236.1M,1996,1996,$12.5B,,,,$12533.8B,1996,,1.883706458%,236.1,236.1,1996
,,Music Video (Physical),Value,1995,1995,,,,$220.3M,1995,1995,$12.3B,,,,$12320.3B,1995,,1.788105809%,220.3,220.3,1995
,,Music Video (Physical),Value,1994,1994,,,,$231.1M,1994,1994,$12.1B,,,,$12068.0B,1994,,1.914981770%,231.1,231.1,1994
,,Music Video (Physical),Value,1993,1993,,,,$213.3M,1993,1993,$10.0B,,,,$10046.6B,1993,,2.123106325%,213.3,213.3,1993
,,Music Video (Physical),Value,1992,1992,,,,$157.4M,1992,1992,$9.0B,,,,$9024.0B,1992,,1.744237589%,157.4,157.4,1992
,,Music Video (Physical),Value,1991,1991,,,,$118.1M,1991,1991,$7.8B,,,,$7834.2B,1991,,1.507492788%,118.1,118.1,1991
,,Music Video (Physical),Value,1990,1990,,,,$172.3M,1990,1990,$7.5B,,,,$7541.1B,1990,,2.284812561%,172.3,172.3,1990
,,Music Video (Physical),Value,1989,1989,,,,$115.4M,1989,1989,$6.6B,,,,$6580.2B,1989,,1.753746087%,115.4,115.4,1989
,,DVD Audio,Value,2019,2019,,,,$1.1M,2019,2019,$11.1B,,,,$11111.6B,2019,,0.009605322%,1.067303184,1.067303184,2019
,,DVD Audio,Value,2018,2018,,,,$3.3M,2018,2018,$9.8B,,,,$9846.1B,2018,,0.033692225%,3.317383752,3.317383752,2018
,,DVD Audio,Value,2017,2017,,,,$2.6M,2017,2017,$8.8B,,,,$8796.6B,2017,,0.029634761%,2.606840648,2.606840648,2017
,,DVD Audio,Value,2016,2016,,,,$2.8M,2016,2016,$7.6B,,,,$7578.7B,2016,,0.037414758%,2.835535870,2.835535870,2016
,,DVD Audio,Value,2015,2015,,,,$5.4M,2015,2015,$6.7B,,,,$6710.8B,2015,,0.080708969%,5.416232673,5.416232673,2015
,,DVD Audio,Value,2014,2014,,,,$2.1M,2014,2014,$6.7B,,,,$6694.7B,2014,,0.031957536%,2.139460944,2.139460944,2014
,,DVD Audio,Value,2012,2012,,,,$0.2M,2012,2012,$7.0B,,,,$7015.7B,2012,,0.002609944%,0.183106992,0.183106992,2012
,,DVD Audio,Value,2011,2011,,,,$0.3M,2011,2011,$7.1B,,,,$7135.6B,2011,,0.004204272%,0.3,0.3,2011
,,DVD Audio,Value,2010,2010,,,,$0.9M,2010,2010,$7.0B,,,,$7013.8B,2010,,0.012831846%,0.9,0.9,2010
,,DVD Audio,Value,2009,2009,,,,$1.6M,2009,2009,$7.8B,,,,$7831.0B,2009,,0.020431618%,1.6,1.6,2009
,,DVD Audio,Value,2008,2008,,,,$1.2M,2008,2008,$8.8B,,,,$8776.8B,2008,,0.013672409%,1.2,1.2,2008
,,DVD Audio,Value,2007,2007,,,,$2.8M,2007,2007,$10.7B,,,,$10650.9B,2007,,0.026288858%,2.8,2.8,2007
,,DVD Audio,Value,2006,2006,,,,$2.4M,2006,2006,$11.8B,,,,$11759.5B,2006,,0.020409031%,2.4,2.4,2006
,,DVD Audio,Value,2005,2005,,,,$11.2M,2005,2005,$12.3B,,,,$12289.9B,2005,,0.091131742%,11.2,11.2,2005
,,DVD Audio,Value,2004,2004,,,,$6.5M,2004,2004,$12.3B,,,,$12345.1B,2004,,0.052652469%,6.5,6.5,2004
,,DVD Audio,Value,2003,2003,,,,$8.0M,2003,2003,$11.9B,,,,$11854.4B,2003,,0.067485491%,8,8,2003
,,DVD Audio,Value,2002,2002,,,,$8.5M,2002,2002,$12.6B,,,,$12615.8B,2002,,0.067375830%,8.5,8.5,2002
,,DVD Audio,Value,2001,2001,,,,$6.0M,2001,2001,$13.7B,,,,$13746.2B,2001,,0.043648426%,6,6,2001
,,SACD,Value,2019,2019,,,,$0.4M,2019,2019,$11.1B,,,,$11111.6B,2019,,0.003899556%,0.433302292,0.433302292,2019
,,SACD,Value,2018,2018,,,,$0.9M,2018,2018,$9.8B,,,,$9846.1B,2018,,0.008731337%,0.85969971,0.85969971,2018
,,SACD,Value,2017,2017,,,,$0.9M,2017,2017,$8.8B,,,,$8796.6B,2017,,0.009669441%,0.85057856,0.85057856,2017
,,SACD,Value,2016,2016,,,,$1.2M,2016,2016,$7.6B,,,,$7578.7B,2016,,0.015924479%,1.20686148,1.20686148,2016
,,SACD,Value,2015,2015,,,,$1.0M,2015,2015,$6.7B,,,,$6710.8B,2015,,0.015549020%,1.04346656,1.04346656,2015
,,SACD,Value,2014,2014,,,,$0.8M,2014,2014,$6.7B,,,,$6694.7B,2014,,0.011403729%,0.76344539,0.76344539,2014
,,SACD,Value,2013,2013,,,,$1.0M,2013,2013,$7.0B,,,,$7035.1B,2013,,0.013907151%,0.9783826,0.9783826,2013
,,SACD,Value,2012,2012,,,,$1.3M,2012,2012,$7.0B,,,,$7015.7B,2012,,0.019135536%,1.3425,1.3425,2012
,,SACD,Value,2011,2011,,,,$1.5M,2011,2011,$7.1B,,,,$7135.6B,2011,,0.021021358%,1.5,1.5,2011
,,SACD,Value,2010,2010,,,,$1.7M,2010,2010,$7.0B,,,,$7013.8B,2010,,0.024237931%,1.7,1.7,2010
,,SACD,Value,2009,2009,,,,$2.4M,2009,2009,$7.8B,,,,$7831.0B,2009,,0.030647427%,2.4,2.4,2009
,,SACD,Value,2008,2008,,,,$3.1M,2008,2008,$8.8B,,,,$8776.8B,2008,,0.035320390%,3.1,3.1,2008
,,SACD,Value,2007,2007,,,,$3.6M,2007,2007,$10.7B,,,,$10650.9B,2007,,0.033799961%,3.6,3.6,2007
,,SACD,Value,2006,2006,,,,$5.5M,2006,2006,$11.8B,,,,$11759.5B,2006,,0.046770696%,5.5,5.5,2006
,,SACD,Value,2005,2005,,,,$10.0M,2005,2005,$12.3B,,,,$12289.9B,2005,,0.081367627%,10,10,2005
,,SACD,Value,2004,2004,,,,$16.6M,2004,2004,$12.3B,,,,$12345.1B,2004,,0.134466306%,16.6,16.6,2004
,,SACD,Value,2003,2003,,,,$26.3M,2003,2003,$11.9B,,,,$11854.4B,2003,,0.221858550%,26.3,26.3,2003
,,CD Single,Value,2019,2019,,,,$0.2M,2019,2019,$11.1B,,,,$11111.6B,2019,,0.001635041%,0.181678878,0.181678878,2019
,,CD Single,Value,2018,2018,,,,$0.2M,2018,2018,$9.8B,,,,$9846.1B,2018,,0.001575946%,0.155169840,0.155169840,2018
,,CD Single,Value,2017,2017,,,,$1.5M,2017,2017,$8.8B,,,,$8796.6B,2017,,0.016809907%,1.478694184,1.478694184,2017
,,CD Single,Value,2016,2016,,,,$0.3M,2016,2016,$7.6B,,,,$7578.7B,2016,,0.003472899%,0.263199082,0.263199082,2016
,,CD Single,Value,2015,2015,,,,$1.2M,2015,2015,$6.7B,,,,$6710.8B,2015,,0.017836074%,1.196946610,1.196946610,2015
,,CD Single,Value,2014,2014,,,,$3.6M,2014,2014,$6.7B,,,,$6694.7B,2014,,0.054013113%,3.616015547,3.616015547,2014
,,CD Single,Value,2013,2013,,,,$2.4M,2013,2013,$7.0B,,,,$7035.1B,2013,,0.034764760%,2.445737226,2.445737226,2013
,,CD Single,Value,2012,2012,,,,$3.2M,2012,2012,$7.0B,,,,$7015.7B,2012,,0.045969371%,3.225092945,3.225092945,2012
,,CD Single,Value,2011,2011,,,,$3.5M,2011,2011,$7.1B,,,,$7135.6B,2011,,0.049049835%,3.5,3.5,2011
,,CD Single,Value,2010,2010,,,,$2.9M,2010,2010,$7.0B,,,,$7013.8B,2010,,0.041347059%,2.9,2.9,2010
,,CD Single,Value,2009,2009,,,,$3.1M,2009,2009,$7.8B,,,,$7831.0B,2009,,0.039586260%,3.1,3.1,2009
,,CD Single,Value,2008,2008,,,,$3.5M,2008,2008,$8.8B,,,,$8776.8B,2008,,0.039877860%,3.5,3.5,2008
,,CD Single,Value,2007,2007,,,,$12.2M,2007,2007,$10.7B,,,,$10650.9B,2007,,0.114544311%,12.2,12.2,2007
,,CD Single,Value,2006,2006,,,,$7.7M,2006,2006,$11.8B,,,,$11759.5B,2006,,0.065478974%,7.7,7.7,2006
,,CD Single,Value,2005,2005,,,,$10.9M,2005,2005,$12.3B,,,,$12289.9B,2005,,0.088690714%,10.9,10.9,2005
,,CD Single,Value,2004,2004,,,,$15.0M,2004,2004,$12.3B,,,,$12345.1B,2004,,0.121505699%,15,15,2004
,,CD Single,Value,2003,2003,,,,$36.0M,2003,2003,$11.9B,,,,$11854.4B,2003,,0.303684708%,36,36,2003
,,CD Single,Value,2002,2002,,,,$19.6M,2002,2002,$12.6B,,,,$12615.8B,2002,,0.155360738%,19.6,19.6,2002
,,CD Single,Value,2001,2001,,,,$79.4M,2001,2001,$13.7B,,,,$13746.2B,2001,,0.577614177%,79.4,79.4,2001
,,CD Single,Value,2000,2000,,,,$142.7M,2000,2000,$14.3B,,,,$14323.7B,2000,,0.996250969%,142.7,142.7,2000
,,CD Single,Value,1999,1999,,,,$222.4M,1999,1999,$14.6B,,,,$14584.7B,1999,,1.524885668%,222.4,222.4,1999
,,CD Single,Value,1998,1998,,,,$213.2M,1998,1998,$13.7B,,,,$13711.2B,1998,,1.554933193%,213.2,213.2,1998
,,CD Single,Value,1997,1997,,,,$272.7M,1997,1997,$12.2B,,,,$12236.8B,1997,,2.228523797%,272.7,272.7,1997
,,CD Single,Value,1996,1996,,,,$184.1M,1996,1996,$12.5B,,,,$12533.8B,1996,,1.468828288%,184.1,184.1,1996
,,CD Single,Value,1995,1995,,,,$110.9M,1995,1995,$12.3B,,,,$12320.3B,1995,,0.900140419%,110.9,110.9,1995
,,CD Single,Value,1994,1994,,,,$56.1M,1994,1994,$12.1B,,,,$12068.0B,1994,,0.464865761%,56.1,56.1,1994
,,CD Single,Value,1993,1993,,,,$45.8M,1993,1993,$10.0B,,,,$10046.6B,1993,,0.455875620%,45.8,45.8,1993
,,CD Single,Value,1992,1992,,,,$45.1M,1992,1992,$9.0B,,,,$9024.0B,1992,,0.499778369%,45.1,45.1,1992
,,CD Single,Value,1991,1991,,,,$35.1M,1991,1991,$7.8B,,,,$7834.2B,1991,,0.448035536%,35.1,35.1,1991
,,CD Single,Value,1990,1990,,,,$6.0M,1990,1990,$7.5B,,,,$7541.1B,1990,,0.079563989%,6,6,1990
,,CD Single,Value,1988,1988,,,,$9.8M,1988,1988,$6.3B,,,,$6254.7B,1988,,0.156682175%,9.8,9.8,1988
,,CD,Value,2019,2019,,,,$614.5M,2019,2019,$11.1B,,,,$11111.6B,2019,,5.530353895%,614.509779894,614.509779894,2019
,,CD,Value,2018,2018,,,,$698.4M,2018,2018,$9.8B,,,,$9846.1B,2018,,7.092999076%,698.386637244,698.386637244,2018
,,CD,Value,2017,2017,,,$1.1B,,2017,2017,$8.8B,,,,$8796.6B,2017,,12.019728421%,1057.323090205,1057.323090205,2017
,,CD,Value,2016,2016,,,$1.1B,,2016,2016,$7.6B,,,,$7578.7B,2016,,14.920384697%,1130.764650638,1130.764650638,2016
,,CD,Value,2015,2015,,,$1.4B,,2015,2015,$6.7B,,,,$6710.8B,2015,,21.532293246%,1444.993193529,1444.993193529,2015
,,CD,Value,2014,2014,,,$1.8B,,2014,2014,$6.7B,,,,$6694.7B,2014,,26.532174370%,1776.249323795,1776.249323795,2014
,,CD,Value,2013,2013,,,$2.1B,,2013,2013,$7.0B,,,,$7035.1B,2013,,30.431924899%,2140.917718167,2140.917718167,2013
,,CD,Value,2012,2012,,,$2.5B,,2012,2012,$7.0B,,,,$7015.7B,2012,,35.429101416%,2485.614699086,2485.614699086,2012
,,CD,Value,2011,2011,,,$3.1B,,2011,2011,$7.1B,,,,$7135.6B,2011,,43.453949212%,3100.7,3100.7,2011
,,CD,Value,2010,2010,,,$3.4B,,2010,2010,$7.0B,,,,$7013.8B,2010,,48.324731244%,3389.4,3389.4,2010
,,CD,Value,2009,2009,,,$4.3B,,2009,2009,$7.8B,,,,$7831.0B,2009,,55.150044694%,4318.8,4318.8,2009
,,CD,Value,2008,2008,,,$5.5B,,2008,2008,$8.8B,,,,$8776.8B,2008,,62.338209826%,5471.3,5471.3,2008
,,CD,Value,2007,2007,,,$7.5B,,2007,2007,$10.7B,,,,$10650.9B,2007,,69.968735036%,7452.3,7452.3,2007
,,CD,Value,2006,2006,,,$9.4B,,2006,2006,$11.8B,,,,$11759.5B,2006,,79.702368298%,9372.6,9372.6,2006
,,CD,Value,2005,2005,,,$10.5B,,2005,2005,$12.3B,,,,$12289.9B,2005,,85.600371036%,10520.2,10520.2,2005
,,CD,Value,2004,2004,,,$11.4B,,2004,2004,$12.3B,,,,$12345.1B,2004,,92.720998615%,11446.5,11446.5,2004
,,CD,Value,2003,2003,,,$11.2B,,2003,2003,$11.9B,,,,$11854.4B,2003,,94.757220947%,11232.9,11232.9,2003
,,CD,Value,2002,2002,,,$12.0B,,2002,2002,$12.6B,,,,$12615.8B,2002,,95.468380919%,12044.1,12044.1,2002
,,CD,Value,2001,2001,,,$12.9B,,2001,2001,$13.7B,,,,$13746.2B,2001,,93.912499454%,12909.4,12909.4,2001
,,CD,Value,2000,2000,,,$13.2B,,2000,2000,$14.3B,,,,$14323.7B,2000,,92.256190789%,13214.5,13214.5,2000
,,CD,Value,1999,1999,,,$12.8B,,1999,1999,$14.6B,,,,$14584.7B,1999,,87.874964860%,12816.3,12816.3,1999
,,CD,Value,1998,1998,,,$11.4B,,1998,1998,$13.7B,,,,$13711.2B,1998,,83.260400257%,11416,11416,1998
,,CD,Value,1997,1997,,,$9.9B,,1997,1997,$12.2B,,,,$12236.8B,1997,,81.026902458%,9915.1,9915.1,1997
,,CD,Value,1996,1996,,,$9.9B,,1996,1996,$12.5B,,,,$12533.8B,1996,,79.263272112%,9934.7,9934.7,1996
,,CD,Value,1995,1995,,,$9.4B,,1995,1995,$12.3B,,,,$12320.3B,1995,,76.113406329%,9377.4,9377.4,1995
,,CD,Value,1994,1994,,,$8.5B,,1994,1994,$12.1B,,,,$12068.0B,1994,,70.140039775%,8464.5,8464.5,1994
,,CD,Value,1993,1993,,,$6.5B,,1993,1993,$10.0B,,,,$10046.6B,1993,,64.811976191%,6511.4,6511.4,1993
,,CD,Value,1992,1992,,,$5.3B,,1992,1992,$9.0B,,,,$9024.0B,1992,,59.025930851%,5326.5,5326.5,1992
,,CD,Value,1991,1991,,,$4.3B,,1991,1991,$7.8B,,,,$7834.2B,1991,,55.368767711%,4337.7,4337.7,1991
,,CD,Value,1990,1990,,,$3.5B,,1990,1990,$7.5B,,,,$7541.1B,1990,,45.770510933%,3451.6,3451.6,1990
,,CD,Value,1989,1989,,,$2.6B,,1989,1989,$6.6B,,,,$6580.2B,1989,,39.325552415%,2587.7,2587.7,1989
,,CD,Value,1988,1988,,,$2.1B,,1988,1988,$6.3B,,,,$6254.7B,1988,,33.413273219%,2089.9,2089.9,1988
,,CD,Value,1987,1987,,,$1.6B,,1987,1987,$5.6B,,,,$5564.0B,1987,,28.641265277%,1593.6,1593.6,1987
,,CD,Value,1986,1986,,,,$930.1M,1986,1986,$4.6B,,,,$4640.7B,1986,,20.042235008%,930.1,930.1,1986
,,CD,Value,1985,1985,,,,$389.5M,1985,1985,$4.4B,,,,$4362.5B,1985,,8.928366762%,389.5,389.5,1985
,,CD,Value,1984,1984,,,,$103.3M,1984,1984,$4.3B,,,,$4334.7B,1984,,2.383094562%,103.3,103.3,1984
,,CD,Value,1983,1983,,,,$17.2M,1983,1983,$3.8B,,,,$3786.4B,1983,,0.454257342%,17.2,17.2,1983
,,Other Tapes,Value,1976,1976,,,,$5.1M,1976,1976,$2.7B,,,,$2737.1B,1976,,0.186328596%,5.1,5.1,1976
,,Other Tapes,Value,1975,1975,,,,$10.2M,1975,1975,$2.4B,,,,$2388.5B,1975,,0.427046263%,10.2,10.2,1975
,,Other Tapes,Value,1974,1974,,,,$13.3M,1974,1974,$2.2B,,,,$2199.7B,1974,,0.604627904%,13.3,13.3,1974
,,Other Tapes,Value,1973,1973,,,,$15.6M,1973,1973,$2.0B,,,,$2016.6B,1973,,0.773579292%,15.6,15.6,1973
,,Cassette Single,Value,2000,2000,,,,$4.6M,2000,2000,$14.3B,,,,$14323.7B,2000,,0.032114607%,4.6,4.6,2000
,,Cassette Single,Value,1999,1999,,,,$48.0M,1999,1999,$14.6B,,,,$14584.7B,1999,,0.329112015%,48,48,1999
,,Cassette Single,Value,1998,1998,,,,$94.4M,1998,1998,$13.7B,,,,$13711.2B,1998,,0.688488243%,94.4,94.4,1998
,,Cassette Single,Value,1997,1997,,,,$133.5M,1997,1997,$12.2B,,,,$12236.8B,1997,,1.090971496%,133.5,133.5,1997
,,Cassette Single,Value,1996,1996,,,,$189.3M,1996,1996,$12.5B,,,,$12533.8B,1996,,1.510316105%,189.3,189.3,1996
,,Cassette Single,Value,1995,1995,,,,$236.3M,1995,1995,$12.3B,,,,$12320.3B,1995,,1.917972777%,236.3,236.3,1995
,,Cassette Single,Value,1994,1994,,,,$274.9M,1994,1994,$12.1B,,,,$12068.0B,1994,,2.277925091%,274.9,274.9,1994
,,Cassette Single,Value,1993,1993,,,,$298.5M,1993,1993,$10.0B,,,,$10046.6B,1993,,2.971154420%,298.5,298.5,1993
,,Cassette Single,Value,1992,1992,,,,$298.8M,1992,1992,$9.0B,,,,$9024.0B,1992,,3.311170213%,298.8,298.8,1992
,,Cassette Single,Value,1991,1991,,,,$230.4M,1991,1991,$7.8B,,,,$7834.2B,1991,,2.940951214%,230.4,230.4,1991
,,Cassette Single,Value,1990,1990,,,,$257.9M,1990,1990,$7.5B,,,,$7541.1B,1990,,3.419925475%,257.9,257.9,1990
,,Cassette Single,Value,1989,1989,,,,$194.6M,1989,1989,$6.6B,,,,$6580.2B,1989,,2.957356919%,194.6,194.6,1989
,,Cassette Single,Value,1988,1988,,,,$57.3M,1988,1988,$6.3B,,,,$6254.7B,1988,,0.916111084%,57.3,57.3,1988
,,Cassette Single,Value,1987,1987,,,,$14.3M,1987,1987,$5.6B,,,,$5564.0B,1987,,0.257009346%,14.3,14.3,1987
,,Cassette,Value,2009,2009,,,,$0.0,2009,2009,$7.8B,,,,$7831.0B,2009,,0%,0,0,2009
,,Cassette,Value,2008,2008,,,,$0.9M,2008,2008,$8.8B,,,,$8776.8B,2008,,0.010254307%,0.9,0.9,2008
,,Cassette,Value,2007,2007,,,,$3.0M,2007,2007,$10.7B,,,,$10650.9B,2007,,0.028166634%,3,3,2007
,,Cassette,Value,2006,2006,,,,$3.7M,2006,2006,$11.8B,,,,$11759.5B,2006,,0.031463923%,3.7,3.7,2006
,,Cassette,Value,2005,2005,,,,$13.1M,2005,2005,$12.3B,,,,$12289.9B,2005,,0.106591591%,13.1,13.1,2005
,,Cassette,Value,2004,2004,,,,$23.7M,2004,2004,$12.3B,,,,$12345.1B,2004,,0.191979004%,23.7,23.7,2004
,,Cassette,Value,2003,2003,,,,$108.1M,2003,2003,$11.9B,,,,$11854.4B,2003,,0.911897692%,108.1,108.1,2003
,,Cassette,Value,2002,2002,,,,$209.8M,2002,2002,$12.6B,,,,$12615.8B,2002,,1.662994023%,209.8,209.8,2002
,,Cassette,Value,2001,2001,,,,$363.4M,2001,2001,$13.7B,,,,$13746.2B,2001,,2.643639697%,363.4,363.4,2001
,,Cassette,Value,2000,2000,,,,$626.0M,2000,2000,$14.3B,,,,$14323.7B,2000,,4.370379162%,626,626,2000
,,Cassette,Value,1999,1999,,,$1.1B,,1999,1999,$14.6B,,,,$14584.7B,1999,,7.278860724%,1061.6,1061.6,1999
,,Cassette,Value,1998,1998,,,$1.4B,,1998,1998,$13.7B,,,,$13711.2B,1998,,10.355767548%,1419.9,1419.9,1998
,,Cassette,Value,1997,1997,,,$1.5B,,1997,1997,$12.2B,,,,$12236.8B,1997,,12.443612709%,1522.7,1522.7,1997
,,Cassette,Value,1996,1996,,,$1.9B,,1996,1996,$12.5B,,,,$12533.8B,1996,,15.201295696%,1905.3,1905.3,1996
,,Cassette,Value,1995,1995,,,$2.3B,,1995,1995,$12.3B,,,,$12320.3B,1995,,18.697596649%,2303.6,2303.6,1995
,,Cassette,Value,1994,1994,,,$3.0B,,1994,1994,$12.1B,,,,$12068.0B,1994,,24.663573086%,2976.4,2976.4,1994
,,Cassette,Value,1993,1993,,,$2.9B,,1993,1993,$10.0B,,,,$10046.6B,1993,,29.022753967%,2915.8,2915.8,1993
,,Cassette,Value,1992,1992,,,$3.1B,,1992,1992,$9.0B,,,,$9024.0B,1992,,34.533466312%,3116.3,3116.3,1992
,,Cassette,Value,1991,1991,,,$3.0B,,1991,1991,$7.8B,,,,$7834.2B,1991,,38.543820684%,3019.6,3019.6,1991
,,Cassette,Value,1990,1990,,,$3.5B,,1990,1990,$7.5B,,,,$7541.1B,1990,,46.046332763%,3472.4,3472.4,1990
,,Cassette,Value,1989,1989,,,$3.3B,,1989,1989,$6.6B,,,,$6580.2B,1989,,50.846478830%,3345.8,3345.8,1989
,,Cassette,Value,1988,1988,,,$3.4B,,1988,1988,$6.3B,,,,$6254.7B,1988,,54.120901082%,3385.1,3385.1,1988
,,Cassette,Value,1987,1987,,,$3.0B,,1987,1987,$5.6B,,,,$5564.0B,1987,,53.193745507%,2959.7,2959.7,1987
,,Cassette,Value,1986,1986,,,$2.5B,,1986,1986,$4.6B,,,,$4640.7B,1986,,53.860408990%,2499.5,2499.5,1986
,,Cassette,Value,1985,1985,,,$2.4B,,1985,1985,$4.4B,,,,$4362.5B,1985,,55.277936963%,2411.5,2411.5,1985
,,Cassette,Value,1984,1984,,,$2.4B,,1984,1984,$4.3B,,,,$4334.7B,1984,,54.995732115%,2383.9,2383.9,1984
,,Cassette,Value,1983,1983,,,$1.8B,,1983,1983,$3.8B,,,,$3786.4B,1983,,47.826431439%,1810.9,1810.9,1983
,,Cassette,Value,1982,1982,,,$1.4B,,1982,1982,$3.6B,,,,$3628.6B,1982,,38.155211376%,1384.5,1384.5,1982
,,Cassette,Value,1981,1981,,,$1.1B,,1981,1981,$4.0B,,,,$3973.9B,1981,,26.744507914%,1062.8,1062.8,1981
,,Cassette,Value,1980,1980,,,,$705.0M,1980,1980,$3.7B,,,,$3682.0B,1980,,19.147202607%,705,705,1980
,,Cassette,Value,1979,1979,,,,$580.6M,1979,1979,$3.7B,,,,$3675.5B,1979,,15.796490273%,580.6,580.6,1979
,,Cassette,Value,1978,1978,,,,$449.8M,1978,1978,$4.1B,,,,$4131.4B,1978,,10.887350535%,449.8,449.8,1978
,,Cassette,Value,1977,1977,,,,$249.6M,1977,1977,$3.5B,,,,$3500.8B,1977,,7.129798903%,249.6,249.6,1977
,,Cassette,Value,1976,1976,,,,$145.7M,1976,1976,$2.7B,,,,$2737.1B,1976,,5.323152241%,145.7,145.7,1976
,,Cassette,Value,1975,1975,,,,$98.8M,1975,1975,$2.4B,,,,$2388.5B,1975,,4.136487335%,98.8,98.8,1975
,,Cassette,Value,1974,1974,,,,$87.2M,1974,1974,$2.2B,,,,$2199.7B,1974,,3.964176933%,87.2,87.2,1974
,,Cassette,Value,1973,1973,,,,$76.0M,1973,1973,$2.0B,,,,$2016.6B,1973,,3.768719627%,76,76,1973
,,8 - Track,Value,1982,1982,,,,$36.0M,1982,1982,$3.6B,,,,$3628.6B,1982,,0.992118172%,36,36,1982
,,8 - Track,Value,1981,1981,,,,$313.0M,1981,1981,$4.0B,,,,$3973.9B,1981,,7.876393467%,313,313,1981
,,8 - Track,Value,1980,1980,,,,$527.0M,1980,1980,$3.7B,,,,$3682.0B,1980,,14.312873438%,527,527,1980
,,8 - Track,Value,1979,1979,,,,$684.3M,1979,1979,$3.7B,,,,$3675.5B,1979,,18.617875119%,684.3,684.3,1979
,,8 - Track,Value,1978,1978,,,,$948.0M,1978,1978,$4.1B,,,,$4131.4B,1978,,22.946216779%,948,948,1978
,,8 - Track,Value,1977,1977,,,,$811.0M,1977,1977,$3.5B,,,,$3500.8B,1977,,23.166133455%,811,811,1977
,,8 - Track,Value,1976,1976,,,,$678.2M,1976,1976,$2.7B,,,,$2737.1B,1976,,24.778049761%,678.2,678.2,1976
,,8 - Track,Value,1975,1975,,,,$583.0M,1975,1975,$2.4B,,,,$2388.5B,1975,,24.408624660%,583,583,1975
,,8 - Track,Value,1974,1974,,,,$549.2M,1974,1974,$2.2B,,,,$2199.7B,1974,,24.967040960%,549.2,549.2,1974
,,8 - Track,Value,1973,1973,,,,$489.0M,1973,1973,$2.0B,,,,$2016.6B,1973,,24.248735495%,489,489,1973
,,Vinyl Single,Value,2019,2019,,,,$6.8M,2019,2019,$11.1B,,,,$11111.6B,2019,,0.061160922%,6.795945687,6.795945687,2019
,,Vinyl Single,Value,2018,2018,,,,$5.3M,2018,2018,$9.8B,,,,$9846.1B,2018,,0.053730060%,5.290337079,5.290337079,2018
,,Vinyl Single,Value,2017,2017,,,,$6.1M,2017,2017,$8.8B,,,,$8796.6B,2017,,0.069099542%,6.078385350,6.078385350,2017
,,Vinyl Single,Value,2016,2016,,,,$4.9M,2016,2016,$7.6B,,,,$7578.7B,2016,,0.064400332%,4.880679689,4.880679689,2016
,,Vinyl Single,Value,2015,2015,,,,$5.8M,2015,2015,$6.7B,,,,$6710.8B,2015,,0.085726559%,5.752954082,5.752954082,2015
,,Vinyl Single,Value,2014,2014,,,,$5.5M,2014,2014,$6.7B,,,,$6694.7B,2014,,0.082144902%,5.499354290,5.499354290,2014
,,Vinyl Single,Value,2013,2013,,,,$3.0M,2013,2013,$7.0B,,,,$7035.1B,2013,,0.042343894%,2.978937179,2.978937179,2013
,,Vinyl Single,Value,2012,2012,,,,$4.7M,2012,2012,$7.0B,,,,$7015.7B,2012,,0.067605896%,4.743055893,4.743055893,2012
,,Vinyl Single,Value,2011,2011,,,,$4.6M,2011,2011,$7.1B,,,,$7135.6B,2011,,0.064465497%,4.6,4.6,2011
,,Vinyl Single,Value,2010,2010,,,,$2.3M,2010,2010,$7.0B,,,,$7013.8B,2010,,0.032792495%,2.3,2.3,2010
,,Vinyl Single,Value,2009,2009,,,,$2.5M,2009,2009,$7.8B,,,,$7831.0B,2009,,0.031924403%,2.5,2.5,2009
,,Vinyl Single,Value,2008,2008,,,,$2.9M,2008,2008,$8.8B,,,,$8776.8B,2008,,0.033041655%,2.9,2.9,2008
,,Vinyl Single,Value,2007,2007,,,,$4.0M,2007,2007,$10.7B,,,,$10650.9B,2007,,0.037555512%,4,4,2007
,,Vinyl Single,Value,2006,2006,,,,$9.9M,2006,2006,$11.8B,,,,$11759.5B,2006,,0.084187253%,9.9,9.9,2006
,,Vinyl Single,Value,2005,2005,,,,$13.2M,2005,2005,$12.3B,,,,$12289.9B,2005,,0.107405268%,13.2,13.2,2005
,,Vinyl Single,Value,2004,2004,,,,$19.9M,2004,2004,$12.3B,,,,$12345.1B,2004,,0.161197560%,19.9,19.9,2004
,,Vinyl Single,Value,2003,2003,,,,$21.5M,2003,2003,$11.9B,,,,$11854.4B,2003,,0.181367256%,21.5,21.5,2003
,,Vinyl Single,Value,2002,2002,,,,$24.9M,2002,2002,$12.6B,,,,$12615.8B,2002,,0.197371550%,24.9,24.9,2002
,,Vinyl Single,Value,2001,2001,,,,$31.4M,2001,2001,$13.7B,,,,$13746.2B,2001,,0.228426765%,31.4,31.4,2001
,,Vinyl Single,Value,2000,2000,,,,$26.3M,2000,2000,$14.3B,,,,$14323.7B,2000,,0.183611776%,26.3,26.3,2000
,,Vinyl Single,Value,1999,1999,,,,$27.9M,1999,1999,$14.6B,,,,$14584.7B,1999,,0.191296359%,27.9,27.9,1999
,,Vinyl Single,Value,1998,1998,,,,$25.7M,1998,1998,$13.7B,,,,$13711.2B,1998,,0.187438007%,25.7,25.7,1998
,,Vinyl Single,Value,1997,1997,,,,$35.6M,1997,1997,$12.2B,,,,$12236.8B,1997,,0.290925732%,35.6,35.6,1997
,,Vinyl Single,Value,1996,1996,,,,$47.5M,1996,1996,$12.5B,,,,$12533.8B,1996,,0.378975251%,47.5,47.5,1996
,,Vinyl Single,Value,1995,1995,,,,$46.7M,1995,1995,$12.3B,,,,$12320.3B,1995,,0.379049211%,46.7,46.7,1995
,,Vinyl Single,Value,1994,1994,,,,$47.2M,1994,1994,$12.1B,,,,$12068.0B,1994,,0.391117004%,47.2,47.2,1994
,,Vinyl Single,Value,1993,1993,,,,$51.2M,1993,1993,$10.0B,,,,$10046.6B,1993,,0.509625147%,51.2,51.2,1993
,,Vinyl Single,Value,1992,1992,,,,$66.4M,1992,1992,$9.0B,,,,$9024.0B,1992,,0.735815603%,66.4,66.4,1992
,,Vinyl Single,Value,1991,1991,,,,$63.9M,1991,1991,$7.8B,,,,$7834.2B,1991,,0.815654438%,63.9,63.9,1991
,,Vinyl Single,Value,1990,1990,,,,$94.4M,1990,1990,$7.5B,,,,$7541.1B,1990,,1.251806766%,94.4,94.4,1990
,,Vinyl Single,Value,1989,1989,,,,$116.4M,1989,1989,$6.6B,,,,$6580.2B,1989,,1.768943193%,116.4,116.4,1989
,,Vinyl Single,Value,1988,1988,,,,$180.4M,1988,1988,$6.3B,,,,$6254.7B,1988,,2.884231058%,180.4,180.4,1988
,,Vinyl Single,Value,1987,1987,,,,$203.3M,1987,1987,$5.6B,,,,$5564.0B,1987,,3.653846154%,203.3,203.3,1987
,,Vinyl Single,Value,1986,1986,,,,$228.1M,1986,1986,$4.6B,,,,$4640.7B,1986,,4.915206758%,228.1,228.1,1986
,,Vinyl Single,Value,1985,1985,,,,$281.0M,1985,1985,$4.4B,,,,$4362.5B,1985,,6.441260745%,281,281,1985
,,Vinyl Single,Value,1984,1984,,,,$298.7M,1984,1984,$4.3B,,,,$4334.7B,1984,,6.890903638%,298.7,298.7,1984
,,Vinyl Single,Value,1983,1983,,,,$269.3M,1983,1983,$3.8B,,,,$3786.4B,1983,,7.112296641%,269.3,269.3,1983
,,Vinyl Single,Value,1982,1982,,,,$283.0M,1982,1982,$3.6B,,,,$3628.6B,1982,,7.799151188%,283,283,1982
,,Vinyl Single,Value,1981,1981,,,,$256.4M,1981,1981,$4.0B,,,,$3973.9B,1981,,6.452099952%,256.4,256.4,1981
,,Vinyl Single,Value,1980,1980,,,,$250.0M,1980,1980,$3.7B,,,,$3682.0B,1980,,6.789788159%,250,250,1980
,,Vinyl Single,Value,1979,1979,,,,$353.6M,1979,1979,$3.7B,,,,$3675.5B,1979,,9.620459801%,353.6,353.6,1979
,,Vinyl Single,Value,1978,1978,,,,$260.3M,1978,1978,$4.1B,,,,$4131.4B,1978,,6.300527666%,260.3,260.3,1978
,,Vinyl Single,Value,1977,1977,,,,$245.1M,1977,1977,$3.5B,,,,$3500.8B,1977,,7.001256856%,245.1,245.1,1977
,,Vinyl Single,Value,1976,1976,,,,$245.1M,1976,1976,$2.7B,,,,$2737.1B,1976,,8.954733112%,245.1,245.1,1976
,,Vinyl Single,Value,1975,1975,,,,$211.5M,1975,1975,$2.4B,,,,$2388.5B,1975,,8.854929872%,211.5,211.5,1975
,,Vinyl Single,Value,1974,1974,,,,$194.0M,1974,1974,$2.2B,,,,$2199.7B,1974,,8.819384462%,194,194,1974
,,Vinyl Single,Value,1973,1973,,,,$190.0M,1973,1973,$2.0B,,,,$2016.6B,1973,,9.421799068%,190,190,1973
,,LP/EP,Value,2019,2019,,,,$497.6M,2019,2019,$11.1B,,,,$11111.6B,2019,,4.478110709%,497.588920842,497.588920842,2019
,,LP/EP,Value,2018,2018,,,,$419.2M,2018,2018,$9.8B,,,,$9846.1B,2018,,4.257749089%,419.223946961,419.223946961,2018
,,LP/EP,Value,2017,2017,,,,$388.5M,2017,2017,$8.8B,,,,$8796.6B,2017,,4.416623501%,388.511108168,388.511108168,2017
,,LP/EP,Value,2016,2016,,,,$355.4M,2016,2016,$7.6B,,,,$7578.7B,2016,,4.689893360%,355.430890954,355.430890954,2016
,,LP/EP,Value,2015,2015,,,,$333.4M,2015,2015,$6.7B,,,,$6710.8B,2015,,4.967796042%,333.379793112,333.379793112,2015
,,LP/EP,Value,2014,2014,,,,$243.8M,2014,2014,$6.7B,,,,$6694.7B,2014,,3.642386805%,243.846848340,243.846848340,2014
,,LP/EP,Value,2013,2013,,,,$210.7M,2013,2013,$7.0B,,,,$7035.1B,2013,,2.995535475%,210.739051034,210.739051034,2013
,,LP/EP,Value,2012,2012,,,,$160.7M,2012,2012,$7.0B,,,,$7015.7B,2012,,2.290891478%,160.723058291,160.723058291,2012
,,LP/EP,Value,2011,2011,,,,$119.4M,2011,2011,$7.1B,,,,$7135.6B,2011,,1.673300073%,119.4,119.4,2011
,,LP/EP,Value,2010,2010,,,,$88.9M,2010,2010,$7.0B,,,,$7013.8B,2010,,1.267501212%,88.9,88.9,2010
,,LP/EP,Value,2009,2009,,,,$63.8M,2009,2009,$7.8B,,,,$7831.0B,2009,,0.814710765%,63.8,63.8,2009
,,LP/EP,Value,2008,2008,,,,$56.7M,2008,2008,$8.8B,,,,$8776.8B,2008,,0.646021329%,56.7,56.7,2008
,,LP/EP,Value,2007,2007,,,,$22.9M,2007,2007,$10.7B,,,,$10650.9B,2007,,0.215005305%,22.9,22.9,2007
,,LP/EP,Value,2006,2006,,,,$15.7M,2006,2006,$11.8B,,,,$11759.5B,2006,,0.133509078%,15.7,15.7,2006
,,LP/EP,Value,2005,2005,,,,$14.2M,2005,2005,$12.3B,,,,$12289.9B,2005,,0.115542030%,14.2,14.2,2005
,,LP/EP,Value,2004,2004,,,,$19.3M,2004,2004,$12.3B,,,,$12345.1B,2004,,0.156337332%,19.3,19.3,2004
,,LP/EP,Value,2003,2003,,,,$21.7M,2003,2003,$11.9B,,,,$11854.4B,2003,,0.183054393%,21.7,21.7,2003
,,LP/EP,Value,2002,2002,,,,$20.5M,2002,2002,$12.6B,,,,$12615.8B,2002,,0.162494650%,20.5,20.5,2002
,,LP/EP,Value,2001,2001,,,,$27.4M,2001,2001,$13.7B,,,,$13746.2B,2001,,0.199327814%,27.4,27.4,2001
,,LP/EP,Value,2000,2000,,,,$27.7M,2000,2000,$14.3B,,,,$14323.7B,2000,,0.193385787%,27.7,27.7,2000
,,LP/EP,Value,1999,1999,,,,$31.8M,1999,1999,$14.6B,,,,$14584.7B,1999,,0.218036710%,31.8,31.8,1999
,,LP/EP,Value,1998,1998,,,,$34.0M,1998,1998,$13.7B,,,,$13711.2B,1998,,0.247972460%,34,34,1998
,,LP/EP,Value,1997,1997,,,,$33.3M,1997,1997,$12.2B,,,,$12236.8B,1997,,0.272129969%,33.3,33.3,1997
,,LP/EP,Value,1996,1996,,,,$36.8M,1996,1996,$12.5B,,,,$12533.8B,1996,,0.293606089%,36.8,36.8,1996
,,LP/EP,Value,1995,1995,,,,$25.1M,1995,1995,$12.3B,,,,$12320.3B,1995,,0.203728805%,25.1,25.1,1995
,,LP/EP,Value,1994,1994,,,,$17.8M,1994,1994,$12.1B,,,,$12068.0B,1994,,0.147497514%,17.8,17.8,1994
,,LP/EP,Value,1993,1993,,,,$10.6M,1993,1993,$10.0B,,,,$10046.6B,1993,,0.105508331%,10.6,10.6,1993
,,LP/EP,Value,1992,1992,,,,$13.5M,1992,1992,$9.0B,,,,$9024.0B,1992,,0.149601064%,13.5,13.5,1992
,,LP/EP,Value,1991,1991,,,,$29.4M,1991,1991,$7.8B,,,,$7834.2B,1991,,0.375277629%,29.4,29.4,1991
,,LP/EP,Value,1990,1990,,,,$86.5M,1990,1990,$7.5B,,,,$7541.1B,1990,,1.147047513%,86.5,86.5,1990
,,LP/EP,Value,1989,1989,,,,$220.3M,1989,1989,$6.6B,,,,$6580.2B,1989,,3.347922556%,220.3,220.3,1989
,,LP/EP,Value,1988,1988,,,,$532.2M,1988,1988,$6.3B,,,,$6254.7B,1988,,8.508801381%,532.2,532.2,1988
,,LP/EP,Value,1987,1987,,,,$793.1M,1987,1987,$5.6B,,,,$5564.0B,1987,,14.254133717%,793.1,793.1,1987
,,LP/EP,Value,1986,1986,,,,$983.0M,1986,1986,$4.6B,,,,$4640.7B,1986,,21.182149245%,983,983,1986
,,LP/EP,Value,1985,1985,,,$1.3B,,1985,1985,$4.4B,,,,$4362.5B,1985,,29.352435530%,1280.5,1280.5,1985
,,LP/EP,Value,1984,1984,,,$1.5B,,1984,1984,$4.3B,,,,$4334.7B,1984,,35.730269684%,1548.8,1548.8,1984
,,LP/EP,Value,1983,1983,,,$1.7B,,1983,1983,$3.8B,,,,$3786.4B,1983,,44.607014578%,1689,1689,1983
,,LP/EP,Value,1982,1982,,,$1.9B,,1982,1982,$3.6B,,,,$3628.6B,1982,,53.053519264%,1925.1,1925.1,1982
,,LP/EP,Value,1981,1981,,,$2.3B,,1981,1981,$4.0B,,,,$3973.9B,1981,,58.926998666%,2341.7,2341.7,1981
,,LP/EP,Value,1980,1980,,,$2.2B,,1980,1980,$3.7B,,,,$3682.0B,1980,,59.750135796%,2200,2200,1980
,,LP/EP,Value,1979,1979,,,$2.1B,,1979,1979,$3.7B,,,,$3675.5B,1979,,55.965174806%,2057,2057,1979
,,LP/EP,Value,1978,1978,,,$2.5B,,1978,1978,$4.1B,,,,$4131.4B,1978,,59.865905020%,2473.3,2473.3,1978
,,LP/EP,Value,1977,1977,,,$2.2B,,1977,1977,$3.5B,,,,$3500.8B,1977,,62.702810786%,2195.1,2195.1,1977
,,LP/EP,Value,1976,1976,,,$1.7B,,1976,1976,$2.7B,,,,$2737.1B,1976,,60.757736290%,1663,1663,1976
,,LP/EP,Value,1975,1975,,,$1.5B,,1975,1975,$2.4B,,,,$2388.5B,1975,,62.172911869%,1485,1485,1975
,,LP/EP,Value,1974,1974,,,$1.4B,,1974,1974,$2.2B,,,,$2199.7B,1974,,61.644769741%,1356,1356,1974
,,LP/EP,Value,1973,1973,,,$1.2B,,1973,1973,$2.0B,,,,$2016.6B,1973,,61.787166518%,1246,1246,1973
